,Language,Perplexity Score
0,English,5.784701347351074
1,King James,6.117774486541748
2,Solomon Islands,16.210180282592773
3,Gullah,18.281951904296875
4,Swahili(Zanzibar),21.146902084350586
5,Scots,32.41706848144531
6,Ulster Scots,39.838172912597656
7,Hawaiian,42.74734878540039
8,Jamaican Creole,42.9403076171875
9,Nigerian,48.864383697509766
10,Belize,58.40388107299805
